birth_date,first_name,gender,last_name,primary_id
2025-01-09T09:26:41.000000Z,Tara,,,207357
2025-04-13T11:00:55.000000Z,Jean,,Trevino,220142
2025-01-20T04:13:02.000000Z,,,Clark,857757
2025-02-15T02:03:43.000000Z,,Male,Alvarez,926266
2025-01-11T17:07:08.000000Z,Erica,Male,,852589
,John,Other,Kelley,369163
2025-05-10T09:18:08.000000Z,Jennifer,Male,,234899
,Frank,,Howard,493512
2025-01-13T12:59:46.000000Z,,Other,Powell,312161
2025-03-21T17:22:24.000000Z,Cody,Other,Bell,886649
2025-04-08T00:04:25.000000Z,Karen,Male,Sanders,177925
2025-02-20T14:02:50.000000Z,Kari,Other,Li,968892
2025-05-06T17:55:46.000000Z,Nicholas,Female,Richards,638251
2025-03-19T12:03:46.000000Z,,Female,Vasquez,143515
2025-03-22T11:28:27.000000Z,Amber,Other,Davis,259044
2025-05-26T13:29:04.000000Z,,Male,Walters,828904
2025-01-03T21:43:18.000000Z,Cassandra,Other,Schwartz,866073
,Jennifer,Male,Molina,743727
2025-05-31T18:17:29.000000Z,Justin,Male,,546875
,Susan,Other,Cohen,377408
2025-02-25T23:50:27.000000Z,Melissa,Female,Hood,810002
2025-05-12T16:32:49.000000Z,Cassie,,Brown,658224
2025-04-24T02:15:50.000000Z,Lynn,,Brown,203888
2025-04-04T23:03:32.000000Z,Connor,Male,Howard,947819
2025-03-12T14:58:14.000000Z,David,,Miller,740738
2025-04-20T21:06:00.000000Z,Sonya,Female,,156216
2025-04-13T18:05:02.000000Z,,,Jones,507524
2025-03-14T12:13:10.000000Z,,Female,Brown,819467
2025-01-22T11:24:04.000000Z,Kathleen,,,312002
2025-01-29T04:11:49.000000Z,James,Other,Simpson,828001
2025-03-28T01:38:19.000000Z,,Male,Castillo,276539
2025-06-03T16:57:54.000000Z,Alexander,,,234220
2025-03-26T14:47:59.000000Z,,,Boyer,121612
,Jeremy,Other,Peterson,273446
2025-01-29T06:58:04.000000Z,Brandon,Other,Price,272935
,Omar,,Martinez,702820
2025-05-01T19:56:56.000000Z,Allen,Female,Short,846507
2025-05-18T10:13:00.000000Z,James,Male,Pierce,621014
,Luis,Male,,146783
2025-03-14T06:43:14.000000Z,Vicki,Male,Leonard,133837
2025-03-04T22:02:33.000000Z,Edward,Female,,682898
2025-01-18T04:22:57.000000Z,Steven,Male,Ramirez,789913
2025-03-25T17:04:12.000000Z,,Female,Nelson,911974
,Gloria,Other,Rocha,573475
2025-01-04T23:19:15.000000Z,Bruce,Other,Munoz,369579
,Lori,Male,,923084
2025-02-07T19:43:43.000000Z,,,Hood,877922
2025-04-29T00:22:28.000000Z,Andrea,,Powell,501551
2025-04-30T02:18:06.000000Z,,,,269711
2025-05-21T07:13:58.000000Z,,Female,Patton,498841
